country_code,country_name,gdp_usd,population,name,region,incomeLevel
ZWE,Zimbabwe,40757561708.7741,16069056.0,Zimbabwe,SSF,LMC
ZMB,Zambia,29163782140.4858,20152938.0,Zambia,SSF,LMC
YEM,"Yemen, Rep.",,38222876.0,"Yemen, Rep.",MEA,LIC
PSE,West Bank and Gaza,19165500000.0,5043612.0,West Bank and Gaza,MEA,LMC
VIR,Virgin Islands (U.S.),4672000000.0,105413.0,Virgin Islands (U.S.),LCN,HIC
VNM,Viet Nam,413445230668.578,99680655.0,Viet Nam,EAS,LMC
VEN,"Venezuela, RB",89013255584.7499,28213017.0,"Venezuela, RB",LCN,INX
VUT,Vanuatu,1055031360.57356,313046.0,Vanuatu,EAS,LMC
UZB,Uzbekistan,90095926567.4359,34938955.0,Uzbekistan,ECS,LMC
URY,Uruguay,70594110920.0358,3390913.0,Uruguay,LCN,HIC
USA,United States,25604848907611.0,334017321.0,United States,NAC,HIC
GBR,United Kingdom,3181244350465.41,67604000.0,United Kingdom,ECS,HIC
ARE,United Arab Emirates,511403403675.97,10074977.0,United Arab Emirates,MEA,HIC
UKR,Ukraine,161989520721.19,41048766.0,Ukraine,ECS,UMC
UGA,Uganda,45565333210.9108,47312719.0,Uganda,SSF,LIC
TUV,Tuvalu,59065982.0873657,9992.0,Tuvalu,EAS,UMC
TCA,Turks and Caicos Islands,1434119000.0,45847.0,Turks and Caicos Islands,LCN,HIC
TKM,Turkmenistan,42208726137.7192,7230193.0,Turkmenistan,ECS,UMC
TUR,Turkiye,926097476913.818,84979913.0,Turkiye,ECS,UMC
TUN,Tunisia,44929920092.7955,12119334.0,Tunisia,MEA,LMC
TTO,Trinidad and Tobago,28341164301.126,1365805.0,Trinidad and Tobago,LCN,HIC
TON,Tonga,556514555.400882,105042.0,Tonga,EAS,UMC
TGO,Togo,8646453099.4124,9089738.0,Togo,SSF,LIC
TLS,Timor-Leste,3208599889.00965,1369295.0,Timor-Leste,EAS,LMC
THA,Thailand,495644697587.661,71735329.0,Thailand,EAS,UMC
TZA,Tanzania,75749121842.9149,64711821.0,Tanzania,SSF,LMC
TJK,Tajikistan,10713525200.3998,10182222.0,Tajikistan,ECS,LMC
SYR,Syrian Arab Republic,23622827079.5047,22462173.0,Syrian Arab Republic,MEA,LIC
CHE,Switzerland,828508926958.393,8777088.0,Switzerland,ECS,HIC
SWE,Sweden,575071237640.921,10486941.0,Sweden,ECS,HIC
SUR,Suriname,3791603200.0259,623164.0,Suriname,LCN,UMC
SDN,Sudan,51666875363.0963,49383346.0,Sudan,SSF,LIC
VCT,St. Vincent and the Grenadines,989188888.888889,102046.0,St. Vincent and the Grenadines,LCN,UMC
MAF,St. Martin (French part),,28870.0,St. Martin (French part),LCN,HIC
LCA,St. Lucia,2342714814.81481,178781.0,St. Lucia,LCN,UMC
KNA,St. Kitts and Nevis,981429629.62963,46709.0,St. Kitts and Nevis,LCN,HIC
LKA,Sri Lanka,74143020262.8076,22181000.0,Sri Lanka,SAS,LMC
ESP,Spain,1448850658406.62,47786102.0,Spain,ECS,HIC
SSD,South Sudan,,11021177.0,South Sudan,SSF,LIC
ZAF,South Africa,407596043067.885,62378410.0,South Africa,SSF,UMC
SOM,"Somalia, Fed. Rep.",10203000000.0,17801897.0,"Somalia, Fed. Rep.",SSF,LIC
SLB,Solomon Islands,1466670929.62333,781066.0,Solomon Islands,EAS,LMC
SVN,Slovenia,59899117741.0022,2112076.0,Slovenia,ECS,HIC
SVK,Slovak Republic,115792972358.209,5431752.0,Slovak Republic,ECS,HIC
SXM,Sint Maarten (Dutch part),1592564639.32961,42139.0,Sint Maarten (Dutch part),LCN,HIC
SGP,Singapore,509017841146.557,5637022.0,Singapore,EAS,HIC
SLE,Sierra Leone,7121125277.52542,8276807.0,Sierra Leone,SSF,LIC
SYC,Seychelles,2018346588.73752,119878.0,Seychelles,SSF,HIC
SRB,Serbia,66809895701.2152,6664449.0,Serbia,ECS,UMC
SEN,Senegal,27783332222.6759,17651103.0,Senegal,SSF,LMC
SAU,Saudi Arabia,1239075200000.0,32175224.0,Saudi Arabia,MEA,HIC
STP,Sao Tome and Principe,540809499.189348,226305.0,Sao Tome and Principe,SSF,LMC
SMR,San Marino,1829211863.9476,33755.0,San Marino,ECS,HIC
WSM,Samoa,889554711.842341,215261.0,Samoa,EAS,UMC
RWA,Rwanda,13316161002.3912,13651030.0,Rwanda,SSF,LIC
RUS,Russian Federation,2291612121334.64,144236933.0,Russian Federation,ECS,HIC
ROU,Romania,295319437556.988,19048502.0,Romania,ECS,HIC
QAT,Qatar,235709340659.341,2657333.0,Qatar,MEA,HIC
PRI,Puerto Rico (US),113843700000.0,3220137.0,Puerto Rico (US),LCN,HIC
PRT,Portugal,256898677175.024,10434332.0,Portugal,ECS,HIC
POL,Poland,695607470875.276,36821749.0,Poland,ECS,HIC
PHL,Philippines,404353369604.631,113964338.0,Philippines,EAS,LMC
PER,Peru,246065570308.155,33475438.0,Peru,LCN,UMC
PRY,Paraguay,41952910858.0846,6760464.0,Paraguay,LCN,UMC
PNG,Papua New Guinea,31653185952.609,10203169.0,Papua New Guinea,EAS,LMC
PAN,Panama,76479304470.9375,4400773.0,Panama,LCN,HIC
PLW,Palau,243826812.744141,17759.0,Palau,EAS,HIC
PAK,Pakistan,374890295666.694,243700667.0,Pakistan,MEA,LMC
OMN,Oman,109852795838.752,4730226.0,Oman,MEA,HIC
NOR,Norway,596297651035.798,5457127.0,Norway,ECS,HIC
MNP,Northern Mariana Islands,1096000000.0,46078.0,Northern Mariana Islands,EAS,HIC
MKD,North Macedonia,13932436550.0883,1831712.0,North Macedonia,ECS,UMC
NGA,Nigeria,646950257577.814,223150896.0,Nigeria,SSF,LMC
NER,Niger,15433852712.2963,25311973.0,Niger,SSF,LIC
NIC,Nicaragua,15634572502.2294,6730654.0,Nicaragua,LCN,LMC
NZL,New Zealand,249509991440.438,5081700.0,New Zealand,EAS,HIC
NCL,New Caledonia,9623318718.31459,287123.0,New Caledonia,EAS,HIC
NLD,Netherlands,1046540797548.64,17700982.0,Netherlands,ECS,HIC
NPL,Nepal,41182939600.6209,29715436.0,Nepal,SAS,LMC
NRU,Nauru,152373433.909474,11801.0,Nauru,EAS,HIC
NAM,Namibia,12569449123.3661,2889662.0,Namibia,SSF,LMC
MMR,Myanmar,62253049903.28,53756787.0,Myanmar,EAS,LMC
MOZ,Mozambique,18883528581.3734,32656246.0,Mozambique,SSF,LIC
MAR,Morocco,131245312804.483,37329064.0,Morocco,MEA,LMC
MNE,Montenegro,6251215144.13471,623591.0,Montenegro,ECS,UMC
MNG,Mongolia,17146471713.748,3433748.0,Mongolia,EAS,UMC
MCO,Monaco,8800430486.17137,38931.0,Monaco,ECS,HIC
MDA,Moldova,14525337523.7271,2528654.0,Moldova,ECS,UMC
FSM,"Micronesia, Fed. Sts.",415956900.0,112114.0,"Micronesia, Fed. Sts.",EAS,LMC
MEX,Mexico,1466934724293.06,128613117.0,Mexico,LCN,UMC
MUS,Mauritius,12936444123.3037,1262523.0,Mauritius,SSF,UMC
MRT,Mauritania,9557966698.25369,4875637.0,Mauritania,SSF,LMC
MHL,Marshall Islands,258723510.742188,40077.0,Marshall Islands,EAS,UMC
MLT,Malta,18928276162.4131,531113.0,Malta,MEA,HIC
MLI,Mali,22539987718.7642,23072640.0,Mali,SSF,LIC
MDV,Maldives,6177123352.26211,524106.0,Maldives,SAS,UMC
MYS,Malaysia,407830525989.553,34695493.0,Malaysia,EAS,UMC
MWI,Malawi,12429059928.102,20568728.0,Malawi,SSF,LIC
MDG,Madagascar,15325603272.6097,30437261.0,Madagascar,SSF,LIC
MAC,"Macao SAR, China",24929307447.3237,677300.0,"Macao SAR, China",EAS,HIC
LUX,Luxembourg,80801680397.0139,653103.0,Luxembourg,ECS,HIC
LTU,Lithuania,71033884499.7824,2831639.0,Lithuania,ECS,HIC
LIE,Liechtenstein,7426856242.7736,39493.0,Liechtenstein,ECS,HIC
LBY,Libya,43246297921.8499,7223805.0,Libya,MEA,UMC
LBR,Liberia,4001047000.0,5373294.0,Liberia,SSF,LIC
LSO,Lesotho,2354980960.02697,2286110.0,Lesotho,SSF,LMC
LBN,Lebanon,20992421948.8081,5744489.0,Lebanon,MEA,LMC
LVA,Latvia,38003198508.9107,1879383.0,Latvia,ECS,HIC
LAO,Lao PDR,15468785203.7532,7559007.0,Lao PDR,EAS,LMC
KGZ,Kyrgyz Republic,12134931017.9465,6975220.0,Kyrgyz Republic,ECS,LMC
KWT,Kuwait,183502046693.878,4589643.0,Kuwait,MEA,HIC
XKX,Kosovo,9354907646.29785,1768096.0,Kosovo,ECS,UMC
KOR,"Korea, Rep.",1799363116866.52,51672569.0,"Korea, Rep.",EAS,HIC
PRK,"Korea, Dem. People's Rep.",,26328845.0,"Korea, Dem. People's Rep.",EAS,LIC
KIR,Kiribati,270040453.254018,130469.0,Kiribati,EAS,LMC
KEN,Kenya,114448978152.637,54252461.0,Kenya,SSF,LMC
KAZ,Kazakhstan,225496328925.494,20034609.0,Kazakhstan,ECS,UMC
JOR,Jordan,48764963380.2817,11256263.0,Jordan,MEA,LMC
JPN,Japan,4262463317796.53,125124989.0,Japan,EAS,HIC
JAM,Jamaica,18813516805.214,2839144.0,Jamaica,LCN,UMC
ITA,Italy,2104067630319.46,59013667.0,Italy,ECS,HIC
ISR,Israel,525181008025.57,9557500.0,Israel,MEA,HIC
IMN,Isle of Man,7431257410.92713,84132.0,Isle of Man,ECS,HIC
IRL,Ireland,548341794599.09,5212836.0,Ireland,ECS,HIC
IRQ,Iraq,287372232137.931,44070551.0,Iraq,MEA,UMC
IRN,"Iran, Islamic Rep.",422662261525.665,89524246.0,"Iran, Islamic Rep.",MEA,UMC
IDN,Indonesia,1319101183380.15,278830529.0,Indonesia,EAS,UMC
IND,India,3346107287730.93,1425423212.0,India,SAS,LMC
ISL,Iceland,29166102877.2755,382003.0,Iceland,ECS,HIC
HUN,Hungary,177002580544.155,9605074.0,Hungary,ECS,HIC
HKG,"Hong Kong SAR, China",358679533984.718,7346100.0,"Hong Kong SAR, China",EAS,HIC
HND,Honduras,31426041806.7985,10463872.0,Honduras,LCN,LMC
HTI,Haiti,20253551920.5516,11503606.0,Haiti,LCN,LMC
GUY,Guyana,14718388489.2086,821637.0,Guyana,LCN,HIC
GNB,Guinea-Bissau,1859601384.05928,2105529.0,Guinea-Bissau,SSF,LIC
GIN,Guinea,19910452541.9219,14055137.0,Guinea,SSF,LMC
GTM,Guatemala,95641446500.6523,17847877.0,Guatemala,LCN,UMC
GUM,Guam,6910000000.0,165180.0,Guam,EAS,HIC
GRD,Grenada,1224007407.40741,116913.0,Grenada,LCN,UMC
GRL,Greenland,3152334771.77992,56661.0,Greenland,ECS,HIC
GRC,Greece,217990189600.69,10436882.0,Greece,ECS,HIC
GIB,Gibraltar,,37609.0,Gibraltar,ECS,HIC
GHA,Ghana,73919003209.9866,33149152.0,Ghana,SSF,LMC
DEU,Germany,4201021706478.62,83177813.0,Germany,ECS,HIC
GEO,Georgia,24984568959.605,3712502.0,Georgia,ECS,UMC
GMB,"Gambia, The",2204734527.88096,2636470.0,"Gambia, The",SSF,LIC
GAB,Gabon,20440655695.1804,2430747.0,Gabon,SSF,UMC
PYF,French Polynesia,5622688338.06317,280378.0,French Polynesia,EAS,HIC
FRA,France,2794788137066.94,68184457.0,France,ECS,HIC
FIN,Finland,280253099309.34,5556106.0,Finland,ECS,HIC
FJI,Fiji,4977861885.60316,919422.0,Fiji,EAS,UMC
FRO,Faroe Islands,3615241800.50058,53912.0,Faroe Islands,ECS,HIC
ETH,Ethiopia,123140304666.0,125384287.0,Ethiopia,SSF,INX
SWZ,Eswatini,4746660273.50829,1218917.0,Eswatini,SSF,LMC
EST,Estonia,38226641740.29,1348840.0,Estonia,ECS,HIC
ERI,Eritrea,,3409447.0,Eritrea,SSF,LIC
GNQ,Equatorial Guinea,13687643435.6249,1803545.0,Equatorial Guinea,SSF,UMC
SLV,El Salvador,31870120000.0,6280319.0,El Salvador,LCN,UMC
EGY,"Egypt, Arab Rep.",476747720364.742,112618250.0,"Egypt, Arab Rep.",MEA,LMC
ECU,Ecuador,116133121000.0,17823897.0,Ecuador,LCN,UMC
DOM,Dominican Republic,113478087134.8,11230734.0,Dominican Republic,LCN,UMC
DMA,Dominica,623062962.962963,66826.0,Dominica,LCN,UMC
DJI,Djibouti,3562814908.76149,1137096.0,Djibouti,MEA,LMC
DNK,Denmark,400114306337.077,5903037.0,Denmark,ECS,HIC
CZE,Czechia,301831228325.556,10672118.0,Czechia,ECS,HIC
CYP,Cyprus,31218038929.0919,1331370.0,Cyprus,ECS,HIC
CUW,Curacao,3075180834.72417,153321.0,Curacao,LCN,HIC
CUB,Cuba,,11059820.0,Cuba,LCN,UMC
HRV,Croatia,71196498671.1145,3855641.0,Croatia,ECS,HIC
CIV,Cote d'Ivoire,70922824813.9102,30395002.0,Cote d'Ivoire,SSF,LMC
CRI,Costa Rica,69243626028.5936,5081765.0,Costa Rica,LCN,HIC
COG,"Congo, Rep.",15817030154.6941,6035104.0,"Congo, Rep.",SSF,LMC
COD,"Congo, Dem. Rep.",70422346142.2023,102396968.0,"Congo, Dem. Rep.",SSF,LIC
COM,Comoros,1222485532.31976,834188.0,Comoros,SSF,LMC
COL,Colombia,345632492851.448,51737944.0,Colombia,LCN,UMC
CHN,China,18316765021690.2,1412175000.0,China,EAS,UMC
CHL,Chile,301226575540.242,19553036.0,Chile,LCN,HIC
CHI,Channel Islands,11308272505.183,167215.0,Channel Islands,ECS,HIC
TCD,Chad,17828508289.6049,18455316.0,Chad,SSF,LIC
CAF,Central African Republic,2382618615.01694,5098039.0,Central African Republic,SSF,LIC
CYM,Cayman Islands,6660161212.01997,71591.0,Cayman Islands,LCN,HIC
CAN,Canada,2190411080134.32,38935934.0,Canada,NAC,HIC
CMR,Cameroon,44347206072.5513,27632771.0,Cameroon,SSF,LMC
KHM,Cambodia,39994532959.6074,17201724.0,Cambodia,EAS,LMC
CPV,Cabo Verde,2247003344.34242,519741.0,Cabo Verde,SSF,UMC
BDI,Burundi,4036192552.88879,13321097.0,Burundi,SSF,LIC
BFA,Burkina Faso,18622421394.6133,22509038.0,Burkina Faso,SSF,LIC
BGR,Bulgaria,90506153293.6733,6465097.0,Bulgaria,ECS,HIC
BRN,Brunei Darussalam,16681536466.7183,455370.0,Brunei Darussalam,EAS,HIC
VGB,British Virgin Islands,,38319.0,British Virgin Islands,LCN,HIC
BRA,Brazil,1951923832083.87,210306415.0,Brazil,LCN,UMC
BWA,Botswana,20321150599.1523,2439892.0,Botswana,SSF,UMC
BIH,Bosnia and Herzegovina,24534663636.1778,3204802.0,Bosnia and Herzegovina,ECS,UMC
BOL,Bolivia,50959081953.6903,12077154.0,Bolivia,LCN,LMC
BTN,Bhutan,2898227743.75576,780914.0,Bhutan,SAS,LMC
BMU,Bermuda,7874381000.0,64749.0,Bermuda,NAC,HIC
BEN,Benin,17425405090.862,13759501.0,Benin,SSF,LMC
BLZ,Belize,2846604350.0,402733.0,Belize,LCN,UMC
BEL,Belgium,591085783326.267,11680210.0,Belgium,ECS,HIC
BLR,Belarus,73775179924.603,9228071.0,Belarus,ECS,UMC
BRB,Barbados,6884900000.0,282318.0,Barbados,LCN,HIC
BGD,Bangladesh,460131689083.083,169384897.0,Bangladesh,SAS,LMC
BHR,Bahrain,46458191489.3617,1524693.0,Bahrain,MEA,HIC
BHS,"Bahamas, The",13896800000.0,397538.0,"Bahamas, The",LCN,HIC
AZE,Azerbaijan,78807470588.2353,10141756.0,Azerbaijan,ECS,UMC
AUT,Austria,473221298968.216,9041851.0,Austria,ECS,HIC
AUS,Australia,1695627535475.8,26018721.0,Australia,EAS,HIC
ABW,Aruba,3324034443.26581,107310.0,Aruba,LCN,HIC
ARM,Armenia,19513506553.1251,2969200.0,Armenia,ECS,UMC
ARG,Argentina,633993756301.08,45407904.0,Argentina,LCN,UMC
ATG,Antigua and Barbuda,1866566666.66667,92840.0,Antigua and Barbuda,LCN,HIC
AGO,Angola,131212208930.344,35635029.0,Angola,SSF,LMC
AND,Andorra,3380611694.73392,79705.0,Andorra,ECS,HIC
ASM,American Samoa,871000000.0,48342.0,American Samoa,EAS,HIC
DZA,Algeria,225581644702.568,45477389.0,Algeria,MEA,UMC
ALB,Albania,19017247013.8821,2451636.0,Albania,ECS,UMC
AFG,Afghanistan,14497243872.1337,40578842.0,Afghanistan,MEA,LIC
WLD,World,102251524725531.0,7989545217.0,World,,
UMC,Upper middle income,28940725480186.1,2803106334.0,Upper middle income,,
TSS,Sub-Saharan Africa (IDA & IBRD countries),2292617010267.0,1229208573.0,Sub-Saharan Africa (IDA & IBRD countries),,
SSA,Sub-Saharan Africa (excluding high income),2167458359012.26,1103704408.0,Sub-Saharan Africa (excluding high income),,
SSF,Sub-Saharan Africa,2292617010267.0,1229208573.0,Sub-Saharan Africa,,
TSA,South Asia (IDA & IBRD),3930640287773.46,1648009565.0,South Asia (IDA & IBRD),,
SAS,South Asia,3930640287773.46,1648009565.0,South Asia,,
SST,Small states,270716089069.618,19852364.0,Small states,,
PRE,Pre-demographic dividend,1860790512304.23,1051201551.0,Pre-demographic dividend,,
PST,Post-demographic dividend,56953387691844.6,1117394729.0,Post-demographic dividend,,
PSS,Pacific island small states,10350119919.8256,2656049.0,Pacific island small states,,
OSS,Other small states,181859538439.061,12699005.0,Other small states,,
OED,OECD members,60588200976081.3,1378565677.0,OECD members,,
INX,Not classified,,,Not classified,,
NAC,North America,27803134368745.3,373018004.0,North America,,
MIC,Middle income,36528767758177.8,5846464711.0,Middle income,,
TMN,"Middle East, North Africa, Afghanistan & Pakistan (IDA & IBRD)",2141649636190.98,711465045.0,"Middle East, North Africa, Afghanistan & Pakistan (IDA & IBRD)",,
MNA,"Middle East, North Africa, Afghanistan & Pakistan (excluding high income)",2160815136190.98,716508657.0,"Middle East, North Africa, Afghanistan & Pakistan (excluding high income)",,
MEA,"Middle East, North Africa, Afghanistan & Pakistan",5030925398736.26,782349366.0,"Middle East, North Africa, Afghanistan & Pakistan",,
LMC,Lower middle income,7588963714927.97,3043358377.0,Lower middle income,,
LIC,Low income,434268149844.662,591481496.0,Low income,,
LMY,Low & middle income,36965295357847.5,6437946207.0,Low & middle income,,
LDC,Least developed countries: UN classification,1474237106700.91,1134585604.0,Least developed countries: UN classification,,
TLA,Latin America & the Caribbean (IDA & IBRD countries),5851879329574.93,637837815.0,Latin America & the Caribbean (IDA & IBRD countries),,
LAC,Latin America & Caribbean (excluding high income),5336050967302.51,585648822.0,Latin America & Caribbean (excluding high income),,
LCN,Latin America & Caribbean,6144995160894.64,653108120.0,Latin America & Caribbean,,
LTE,Late-demographic dividend,28550398557203.3,2323799591.0,Late-demographic dividend,,
IDA,IDA total,3075156030414.18,1866528090.0,IDA total,,
IDX,IDA only,1618275456730.5,1214632171.0,IDA only,,
IDB,IDA blend,1456880573683.68,651895919.0,IDA blend,,
IBT,IDA & IBRD total,41018485584725.7,6794724390.0,IDA & IBRD total,,
IBD,IBRD only,37943329554311.5,4928196300.0,IBRD only,,
HIC,High income,65081334214971.5,1398001706.0,High income,,
HPC,Heavily indebted poor countries (HIPC),1002501492801.3,893906294.0,Heavily indebted poor countries (HIPC),,
FCS,Fragile and conflict affected situations,1918272363969.18,1036390026.0,Fragile and conflict affected situations,,
EUU,European Union,17023612496380.4,447202673.0,European Union,,
TEC,Europe & Central Asia (IDA & IBRD countries),5264484546456.79,460942269.0,Europe & Central Asia (IDA & IBRD countries),,
ECA,Europe & Central Asia (excluding high income),1820242864725.1,250514347.0,Europe & Central Asia (excluding high income),,
ECS,Europe & Central Asia,25798700454390.6,924234471.0,Europe & Central Asia,,
EMU,Euro area,14488160081806.7,348200155.0,Euro area,,
TEA,East Asia & Pacific (IDA & IBRD countries),21537214774462.6,2107261123.0,East Asia & Pacific (IDA & IBRD countries),,
EAP,East Asia & Pacific (excluding high income),21563881384135.8,2133560408.0,East Asia & Pacific (excluding high income),,
EAS,East Asia & Pacific,31266291368260.6,2379617118.0,East Asia & Pacific,,
EAR,Early-demographic dividend,14034689936337.3,3470644834.0,Early-demographic dividend,,
CEB,Central Europe and the Baltics,1954419184114.96,100071871.0,Central Europe and the Baltics,,
CSS,Caribbean small states,78506430710.7309,4497310.0,Caribbean small states,,
ARB,Arab World,3747416641077.46,471352066.0,Arab World,,
AFW,Africa Western and Central,1063649130876.99,497387180.0,Africa Western and Central,,
AFE,Africa Eastern and Southern,1228967879390.01,731821393.0,Africa Eastern and Southern,,
